,date,code,price,amounts,sell_price,sell_date,left_amount,commission,sell_average
0,2016-07-01,000001,8.69,10000.0,[8.69],['2016-07-04'],0.0,130.35,8.69
1,2016-07-01,600010,2.04,10000.0,[2.02],['2016-07-04'],0.0,30.3,2.02
2,2016-07-01,601801,11.51,10000.0,[11.34],['2016-07-04'],0.0,170.1,11.34
3,2016-07-05,000001,8.8,10000.0,[8.8],['2016-07-06'],0.0,132.00000000000003,8.8
4,2016-07-05,600010,2.06,10000.0,[2.06],['2016-07-06'],0.0,30.900000000000002,2.06
5,2016-07-05,601801,11.64,10000.0,[11.85],['2016-07-06'],0.0,177.75,11.85
6,2016-07-07,000001,8.79,10000.0,[8.79],['2016-07-08'],0.0,131.85,8.79
7,2016-07-07,000002,18.33,10000.0,[17.85],['2016-07-08'],0.0,267.75000000000006,17.85
8,2016-07-07,600010,2.07,10000.0,[2.09],['2016-07-08'],0.0,31.349999999999998,2.09
9,2016-07-07,601801,11.94,10000.0,[11.86],['2016-07-08'],0.0,177.9,11.86
10,2016-07-11,000001,8.75,10000.0,[8.75],['2016-07-12'],0.0,131.25,8.75
11,2016-07-11,000002,17.76,10000.0,[17.54],['2016-07-12'],0.0,263.1,17.54
12,2016-07-11,600010,2.09,10000.0,[2.1],['2016-07-12'],0.0,31.5,2.1
13,2016-07-11,601801,11.62,10000.0,[11.62],['2016-07-12'],0.0,174.29999999999998,11.62
14,2016-07-13,000001,8.88,10000.0,[8.97],['2016-07-14'],0.0,134.55,8.97
15,2016-07-13,000002,17.28,10000.0,[17.41],['2016-07-14'],0.0,261.15,17.41
16,2016-07-13,600010,2.16,10000.0,[2.14],['2016-07-18'],0.0,32.1,2.14
17,2016-07-13,601801,11.72,10000.0,[12.09],['2016-07-14'],0.0,181.35000000000002,12.09
18,2016-07-15,000001,8.95,10000.0,[8.99],['2016-07-18'],0.0,134.85,8.99
19,2016-07-15,000002,17.18,10000.0,[17.12],['2016-07-18'],0.0,256.8,17.12
20,2016-07-15,601801,12.18,10000.0,[12.16],['2016-07-18'],0.0,182.4,12.16
21,2016-07-19,000001,9.04,10000.0,[8.96],['2016-07-20'],0.0,134.40000000000003,8.96
22,2016-07-19,000002,16.69,10000.0,[16.21],['2016-07-20'],0.0,243.15000000000003,16.21
23,2016-07-19,600010,2.12,10000.0,[2.11],['2016-07-20'],0.0,31.65,2.11
24,2016-07-19,601801,11.94,10000.0,[12.01],['2016-07-20'],0.0,180.15,12.01
25,2016-07-21,000001,8.95,10000.0,[8.99],['2016-07-22'],0.0,134.85,8.99
26,2016-07-21,000002,16.23,10000.0,[16.48],['2016-07-22'],0.0,247.20000000000002,16.48
27,2016-07-21,600010,2.11,10000.0,[2.11],['2016-07-22'],0.0,31.65,2.11
28,2016-07-21,601801,11.96,10000.0,[12.05],['2016-07-22'],0.0,180.75,12.05
29,2016-07-25,000001,8.93,10000.0,[8.97],['2016-07-26'],0.0,134.55,8.97
30,2016-07-25,000002,16.57,10000.0,[16.89],['2016-07-26'],0.0,253.35,16.89
31,2016-07-25,600010,2.09,10000.0,[2.09],['2016-07-26'],0.0,31.349999999999998,2.09
32,2016-07-25,601801,12.11,10000.0,[11.95],['2016-07-26'],0.0,179.25,11.95
33,2016-07-27,000001,9.12,10000.0,[8.98],['2016-07-28'],0.0,134.70000000000002,8.98
34,2016-07-27,000002,17.07,10000.0,[16.69],['2016-07-28'],0.0,250.35000000000002,16.69
35,2016-07-27,600010,2.1,10000.0,[2.03],['2016-07-28'],0.0,30.45,2.03
36,2016-07-27,601801,12.15,10000.0,[11.81],['2016-07-28'],0.0,177.15,11.81
37,2016-07-29,000001,9.08,10000.0,[9.18],['2016-08-01'],0.0,137.7,9.18
38,2016-07-29,000002,17.05,10000.0,[17.01],['2016-08-01'],0.0,255.15000000000003,17.01
39,2016-07-29,600010,2.03,10000.0,[2.01],['2016-08-01'],0.0,30.15,2.01
40,2016-07-29,601801,12.15,10000.0,[11.87],['2016-08-01'],0.0,178.04999999999998,11.87
41,2016-08-02,000001,9.24,10000.0,[9.21],['2016-08-03'],0.0,138.15,9.21
42,2016-08-02,000002,17.11,10000.0,[17.55],['2016-08-03'],0.0,263.25,17.55
43,2016-08-02,600010,2.01,10000.0,[2.01],['2016-08-03'],0.0,30.15,2.01
44,2016-08-02,601801,12.39,10000.0,[12.48],['2016-08-03'],0.0,187.20000000000002,12.48
45,2016-08-04,000001,9.17,10000.0,[8.99],['2016-08-05'],0.0,134.85,8.99
46,2016-08-04,000002,17.76,10000.0,[20.33],['2016-08-05'],0.0,304.95,20.33
47,2016-08-04,600010,2.02,10000.0,[2.02],['2016-08-05'],0.0,30.3,2.02
48,2016-08-08,000001,9.04,10000.0,[9.09],['2016-08-09'],0.0,136.35,9.09
49,2016-08-08,000002,20.74,10000.0,[22.11],['2016-08-09'],0.0,331.65,22.11
50,2016-08-08,600010,2.02,10000.0,[2.05],['2016-08-10'],0.0,30.749999999999996,2.05
51,2016-08-08,601801,12.19,10000.0,[12.3],['2016-08-09'],0.0,184.5,12.3
52,2016-08-10,000001,9.15,10000.0,[9.14],['2016-08-11'],0.0,137.10000000000002,9.14
53,2016-08-10,000002,21.7,10000.0,[21.15],['2016-08-11'],0.0,317.24999999999994,21.15
54,2016-08-11,600010,2.06,10000.0,[2.05],['2016-08-12'],0.0,30.749999999999996,2.05
55,2016-08-11,601801,12.53,10000.0,[12.59],['2016-08-15'],0.0,188.85,12.59
56,2016-08-12,000001,9.2,10000.0,[9.55],['2016-08-15'],0.0,143.25,9.55
57,2016-08-12,000002,20.8,10000.0,[23.45],['2016-08-15'],0.0,351.75,23.45
58,2016-08-15,600010,2.06,10000.0,[2.09],['2016-08-16'],0.0,31.349999999999998,2.09
59,2016-08-16,000001,9.68,10000.0,[9.52],['2016-08-17'],0.0,142.79999999999998,9.52
60,2016-08-16,000002,26.51,10000.0,[26.61],['2016-08-17'],0.0,399.15,26.61
61,2016-08-16,601801,12.78,10000.0,[12.85],['2016-08-17'],0.0,192.75,12.85
62,2016-08-17,600010,2.1,10000.0,[2.11],['2016-08-18'],0.0,31.65,2.11
63,2016-08-18,000001,9.56,10000.0,[9.49],['2016-08-19'],0.0,142.35000000000002,9.49
64,2016-08-18,000002,25.3,10000.0,[25.15],['2016-08-19'],0.0,377.25,25.15
65,2016-08-18,601801,12.79,10000.0,[12.75],['2016-08-19'],0.0,191.25,12.75
66,2016-08-19,600010,2.09,10000.0,[2.09],['2016-08-22'],0.0,31.349999999999998,2.09
67,2016-08-22,000001,9.5,10000.0,[9.38],['2016-08-23'],0.0,140.70000000000002,9.38
68,2016-08-22,000002,24.79,10000.0,[24.39],['2016-08-23'],0.0,365.85,24.39
69,2016-08-22,601801,12.82,10000.0,[12.55],['2016-08-23'],0.0,188.25000000000003,12.55
70,2016-08-23,600010,2.06,10000.0,[2.07],['2016-08-24'],0.0,31.049999999999997,2.07
71,2016-08-24,000001,9.41,10000.0,[9.42],['2016-08-25'],0.0,141.3,9.42
72,2016-08-24,000002,24.4,10000.0,[23.5],['2016-08-25'],0.0,352.50000000000006,23.5
73,2016-08-24,601801,12.58,10000.0,[12.68],['2016-08-25'],0.0,190.2,12.68
74,2016-08-25,600010,2.06,10000.0,[2.08],['2016-08-26'],0.0,31.200000000000003,2.08
75,2016-08-26,000001,9.45,10000.0,[9.41],['2016-08-29'],0.0,141.15,9.41
76,2016-08-26,000002,23.59,10000.0,[22.86],['2016-08-29'],0.0,342.90000000000003,22.86
77,2016-08-26,601801,12.35,10000.0,[12.35],['2016-08-29'],0.0,185.25,12.35
78,2016-08-29,600010,2.07,10000.0,[2.09],['2016-08-30'],0.0,31.349999999999998,2.09
79,2016-08-30,000001,9.42,10000.0,[9.46],['2016-08-31'],0.0,141.9,9.46
80,2016-08-30,000002,22.95,10000.0,[22.68],['2016-08-31'],0.0,340.2,22.68
81,2016-08-30,601801,12.29,10000.0,[12.62],['2016-09-01'],0.0,189.29999999999998,12.62
82,2016-08-31,600010,2.09,10000.0,[2.09],['2016-09-01'],0.0,31.349999999999998,2.09
83,2016-09-01,000001,9.49,10000.0,[9.43],['2016-09-02'],0.0,141.45,9.43
84,2016-09-01,000002,25.0,10000.0,[23.14],['2016-09-02'],0.0,347.1,23.14
85,2016-09-02,600010,2.05,10000.0,[2.06],['2016-09-05'],0.0,30.900000000000002,2.06
86,2016-09-02,601801,12.76,10000.0,[12.6],['2016-09-05'],0.0,189.0,12.6
87,2016-09-05,000001,9.46,10000.0,[9.42],['2016-09-06'],0.0,141.3,9.42
88,2016-09-05,000002,23.6,10000.0,[23.4],['2016-09-06'],0.0,351.0,23.4
89,2016-09-06,600010,2.08,10000.0,[2.08],['2016-09-07'],0.0,31.200000000000003,2.08
90,2016-09-06,601801,12.66,10000.0,[13.24],['2016-09-08'],0.0,198.6,13.24
91,2016-09-07,000001,9.41,10000.0,[9.39],['2016-09-08'],0.0,140.85,9.39
92,2016-09-07,000002,23.54,10000.0,[23.23],['2016-09-08'],0.0,348.45,23.23
93,2016-09-08,600010,2.08,10000.0,[2.09],['2016-09-09'],0.0,31.349999999999998,2.09
94,2016-09-09,000001,9.4,10000.0,[9.29],['2016-09-12'],0.0,139.35,9.29
95,2016-09-09,000002,23.5,10000.0,[22.6],['2016-09-12'],0.0,339.0,22.6
96,2016-09-09,601801,12.87,10000.0,[12.65],['2016-09-12'],0.0,189.75000000000003,12.65
97,2016-09-12,600010,2.05,10000.0,[2.01],['2016-09-13'],0.0,30.15,2.01
98,2016-09-13,000001,9.18,10000.0,[9.17],['2016-09-14'],0.0,137.55,9.17
99,2016-09-13,000002,23.38,10000.0,[23.35],['2016-09-14'],0.0,350.25,23.35
100,2016-09-13,601801,12.99,10000.0,[12.86],['2016-09-14'],0.0,192.89999999999998,12.86
101,2016-09-14,600010,1.99,10000.0,[1.99],['2016-09-20'],0.0,29.85,1.99
102,2016-09-19,000001,9.05,10000.0,[9.12],['2016-09-20'],0.0,136.79999999999998,9.12
103,2016-09-19,000002,23.58,10000.0,[23.63],['2016-09-20'],0.0,354.45,23.63
104,2016-09-19,601801,13.0,10000.0,[13.16],['2016-09-20'],0.0,197.4,13.16
105,2016-09-21,000001,9.08,10000.0,[9.1],['2016-09-22'],0.0,136.5,9.1
106,2016-09-21,000002,23.55,10000.0,[24.8],['2016-09-22'],0.0,372.00000000000006,24.8
107,2016-09-21,600010,1.99,10000.0,[2.01],['2016-09-22'],0.0,30.15,2.01
108,2016-09-21,601801,13.61,10000.0,[13.78],['2016-09-22'],0.0,206.70000000000002,13.78
109,2016-09-23,000001,9.16,10000.0,[9.13],['2016-09-26'],0.0,136.95000000000002,9.13
110,2016-09-23,000002,26.32,10000.0,[25.19],['2016-09-26'],0.0,377.8500000000001,25.19
111,2016-09-23,600010,2.01,10000.0,[1.96],['2016-09-27'],0.0,29.4,1.96
112,2016-09-23,601801,13.82,10000.0,[13.57],['2016-09-26'],0.0,203.55,13.57
113,2016-09-27,000001,9.04,10000.0,[9.06],['2016-09-28'],0.0,135.9,9.06
114,2016-09-27,000002,24.61,10000.0,[24.88],['2016-09-28'],0.0,373.2,24.88
115,2016-09-27,601801,13.56,10000.0,[13.69],['2016-09-28'],0.0,205.35000000000002,13.69
116,2016-09-29,000001,9.05,10000.0,[9.06],['2016-09-30'],0.0,135.9,9.06
117,2016-09-29,000002,25.68,10000.0,[25.9],['2016-09-30'],0.0,388.49999999999994,25.9
118,2016-09-29,601801,13.55,10000.0,[13.35],['2016-09-30'],0.0,200.25,13.35
119,2016-09-30,600010,1.99,10000.0,[2.0],['2016-10-10'],0.0,30.0,2.0
120,2016-10-10,000001,9.1,10000.0,[9.13],['2016-10-11'],0.0,136.95000000000002,9.13
121,2016-10-10,000002,25.0,10000.0,[25.75],['2016-10-11'],0.0,386.25,25.75
122,2016-10-10,601801,13.58,10000.0,[13.89],['2016-10-11'],0.0,208.35000000000002,13.89
123,2016-10-11,600010,2.01,10000.0,[2.01],['2016-10-12'],0.0,30.15,2.01
124,2016-10-12,000001,9.14,10000.0,[9.08],['2016-10-13'],0.0,136.2,9.08
125,2016-10-12,000002,26.0,10000.0,[26.51],['2016-10-13'],0.0,397.65000000000003,26.51
126,2016-10-12,601801,14.33,10000.0,[14.62],['2016-10-13'],0.0,219.29999999999998,14.62
127,2016-10-13,600010,2.0,10000.0,[2.0],['2016-10-14'],0.0,30.0,2.0
128,2016-10-14,000001,9.06,10000.0,[9.08],['2016-10-17'],0.0,136.2,9.08
129,2016-10-14,000002,26.92,10000.0,[26.5],['2016-10-17'],0.0,397.5,26.5
130,2016-10-14,601801,14.45,10000.0,[14.47],['2016-10-17'],0.0,217.05,14.47
131,2016-10-17,600010,2.0,10000.0,[1.99],['2016-10-18'],0.0,29.85,1.99
132,2016-10-18,000001,9.03,10000.0,[9.09],['2016-10-19'],0.0,136.35,9.09
133,2016-10-18,000002,25.9,10000.0,[26.0],['2016-10-19'],0.0,390.0,26.0
134,2016-10-18,601801,14.23,10000.0,[14.21],['2016-10-19'],0.0,213.15,14.21
135,2016-10-19,600010,2.02,10000.0,[2.02],['2016-10-20'],0.0,30.3,2.02
136,2016-10-20,000001,9.08,10000.0,[9.08],['2016-10-21'],0.0,136.2,9.08
137,2016-10-20,000002,25.72,10000.0,[25.7],['2016-10-21'],0.0,385.5,25.7
138,2016-10-20,601801,14.27,10000.0,[15.41],['2016-10-21'],0.0,231.15,15.41
139,2016-10-21,600010,2.01,10000.0,[2.01],['2016-10-24'],0.0,30.15,2.01
140,2016-10-24,000001,9.13,10000.0,[9.25],['2016-10-25'],0.0,138.75,9.25
141,2016-10-24,000002,25.25,10000.0,[25.2],['2016-10-25'],0.0,378.0,25.2
142,2016-10-24,601801,15.81,10000.0,[15.9],['2016-10-25'],0.0,238.5,15.9
143,2016-10-25,600010,2.04,10000.0,[2.04],['2016-10-26'],0.0,30.6,2.04
144,2016-10-26,000001,9.22,10000.0,[9.16],['2016-10-27'],0.0,137.4,9.16
145,2016-10-26,000002,25.0,10000.0,[25.07],['2016-10-27'],0.0,376.05,25.07
146,2016-10-26,601801,15.8,10000.0,[16.1],['2016-10-27'],0.0,241.5,16.1
147,2016-10-27,600010,2.02,10000.0,[2.03],['2016-10-28'],0.0,30.45,2.03
148,2016-10-28,000001,9.16,10000.0,[9.15],['2016-10-31'],0.0,137.25,9.15
149,2016-10-28,000002,24.58,10000.0,[24.75],['2016-10-31'],0.0,371.25,24.75
150,2016-10-28,601801,16.11,10000.0,[15.55],['2016-11-01'],0.0,233.25000000000003,15.55
151,2016-10-31,600010,2.01,10000.0,[2.01],['2016-11-01'],0.0,30.15,2.01
152,2016-11-01,000001,9.14,10000.0,[9.14],['2016-11-02'],0.0,137.10000000000002,9.14
153,2016-11-01,000002,25.2,10000.0,[25.45],['2016-11-02'],0.0,381.75,25.45
154,2016-11-02,600010,2.01,10000.0,[1.99],['2016-11-03'],0.0,29.85,1.99
155,2016-11-03,000001,9.06,10000.0,[9.11],['2016-11-04'],0.0,136.65,9.11
156,2016-11-03,000002,24.77,10000.0,[24.84],['2016-11-04'],0.0,372.6,24.84
157,2016-11-04,600010,2.0,10000.0,[2.01],['2016-11-07'],0.0,30.15,2.01
158,2016-11-04,601801,15.56,10000.0,[15.82],['2016-11-07'],0.0,237.3,15.82
159,2016-11-07,000001,9.1,10000.0,[9.12],['2016-11-08'],0.0,136.79999999999998,9.12
160,2016-11-07,000002,24.47,10000.0,[24.16],['2016-11-08'],0.0,362.40000000000003,24.16
161,2016-11-08,600010,2.04,10000.0,[2.03],['2016-11-09'],0.0,30.45,2.03
162,2016-11-08,601801,16.54,10000.0,[16.47],['2016-11-09'],0.0,247.04999999999998,16.47
163,2016-11-09,000001,9.14,10000.0,[9.1],['2016-11-10'],0.0,136.5,9.1
164,2016-11-09,000002,24.43,10000.0,[26.0],['2016-11-10'],0.0,390.0,26.0
165,2016-11-10,600010,2.04,10000.0,[2.04],['2016-11-11'],0.0,30.6,2.04
166,2016-11-10,601801,16.4,10000.0,[16.49],['2016-11-11'],0.0,247.34999999999997,16.49
167,2016-11-11,000001,9.14,10000.0,[9.16],['2016-11-14'],0.0,137.4,9.16
168,2016-11-11,000002,26.15,10000.0,[26.23],['2016-11-14'],0.0,393.45,26.23
169,2016-11-14,600010,2.09,10000.0,[2.1],['2016-11-15'],0.0,31.5,2.1
170,2016-11-15,000001,9.2,10000.0,[9.23],['2016-11-16'],0.0,138.45000000000002,9.23
171,2016-11-15,000002,25.6,10000.0,[26.64],['2016-11-16'],0.0,399.6,26.64
172,2016-11-15,601801,15.62,10000.0,[15.78],['2016-11-16'],0.0,236.7,15.78
173,2016-11-16,600010,2.07,10000.0,[2.11],['2016-11-18'],0.0,31.65,2.11
174,2016-11-17,000001,9.22,10000.0,[9.21],['2016-11-18'],0.0,138.15,9.21
175,2016-11-17,000002,26.62,10000.0,[27.8],['2016-11-18'],0.0,417.0,27.8
176,2016-11-17,601801,15.59,10000.0,[14.93],['2016-11-18'],0.0,223.95000000000002,14.93
177,2016-11-21,000001,9.18,10000.0,[9.24],['2016-11-22'],0.0,138.6,9.24
178,2016-11-21,000002,27.27,10000.0,[27.04],['2016-11-22'],0.0,405.59999999999997,27.04
179,2016-11-21,600010,2.11,10000.0,[2.14],['2016-11-23'],0.0,32.1,2.14
180,2016-11-21,601801,15.03,10000.0,[16.6],['2016-11-22'],0.0,249.00000000000003,16.6
181,2016-11-23,000001,9.34,10000.0,[9.44],['2016-11-24'],0.0,141.6,9.44
182,2016-11-23,000002,27.9,10000.0,[27.08],['2016-11-24'],0.0,406.2,27.08
183,2016-11-23,601801,16.02,10000.0,[16.44],['2016-11-24'],0.0,246.60000000000002,16.44
184,2016-11-24,600010,2.11,10000.0,[2.14],['2016-11-25'],0.0,32.1,2.14
185,2016-11-25,000001,9.48,10000.0,[9.69],['2016-11-28'],0.0,145.35,9.69
186,2016-11-25,000002,26.79,10000.0,[27.36],['2016-11-28'],0.0,410.4,27.36
187,2016-11-25,601801,16.31,10000.0,[17.02],['2016-11-28'],0.0,255.3,17.02
188,2016-11-28,600010,2.14,10000.0,[2.14],['2016-11-29'],0.0,32.1,2.14
189,2016-11-29,000001,9.59,10000.0,[9.65],['2016-11-30'],0.0,144.75,9.65
190,2016-11-29,000002,26.17,10000.0,[27.35],['2016-11-30'],0.0,410.25000000000006,27.35
191,2016-11-29,601801,17.19,10000.0,[16.81],['2016-11-30'],0.0,252.14999999999998,16.81
192,2016-11-30,600010,2.15,10000.0,[2.13],['2016-12-01'],0.0,31.95,2.13
193,2016-12-01,000001,9.57,10000.0,[9.6],['2016-12-02'],0.0,144.0,9.6
194,2016-12-01,000002,26.56,10000.0,[26.71],['2016-12-02'],0.0,400.65000000000003,26.71
195,2016-12-01,601801,17.49,10000.0,[18.13],['2016-12-02'],0.0,271.95,18.13
196,2016-12-02,600010,2.19,10000.0,[2.13],['2016-12-05'],0.0,31.95,2.13
197,2016-12-05,000001,9.5,10000.0,[9.48],['2016-12-06'],0.0,142.20000000000002,9.48
198,2016-12-05,000002,25.08,10000.0,[25.15],['2016-12-06'],0.0,377.25,25.15
199,2016-12-05,601801,17.7,10000.0,[17.21],['2016-12-06'],0.0,258.15000000000003,17.21
200,2016-12-06,600010,2.12,10000.0,[2.11],['2016-12-07'],0.0,31.65,2.11
201,2016-12-07,000001,9.48,10000.0,[9.5],['2016-12-08'],0.0,142.5,9.5
202,2016-12-07,000002,25.35,10000.0,[25.1],['2016-12-08'],0.0,376.50000000000006,25.1
203,2016-12-07,601801,17.47,10000.0,[17.39],['2016-12-08'],0.0,260.85,17.39
204,2016-12-09,000001,9.5,10000.0,[9.65],['2016-12-12'],0.0,144.75,9.65
205,2016-12-09,000002,24.61,10000.0,[24.78],['2016-12-12'],0.0,371.7,24.78
206,2016-12-09,600010,2.11,10000.0,[2.14],['2016-12-12'],0.0,32.1,2.14
207,2016-12-09,601801,17.38,10000.0,[16.79],['2016-12-12'],0.0,251.85,16.79
208,2016-12-13,000001,9.48,10000.0,[9.42],['2016-12-14'],0.0,141.3,9.42
209,2016-12-13,000002,23.02,10000.0,[22.67],['2016-12-14'],0.0,340.05,22.67
210,2016-12-13,600010,2.05,10000.0,[2.07],['2016-12-14'],0.0,31.049999999999997,2.07
211,2016-12-14,601801,14.22,10000.0,[14.85],['2016-12-16'],0.0,222.75,14.85
212,2016-12-15,000001,9.37,10000.0,[9.24],['2016-12-16'],0.0,138.6,9.24
213,2016-12-15,000002,22.15,10000.0,[22.12],['2016-12-16'],0.0,331.8,22.12
214,2016-12-16,600010,2.03,10000.0,[2.04],['2016-12-19'],0.0,30.6,2.04
215,2016-12-19,000001,9.22,10000.0,[9.2],['2016-12-20'],0.0,138.0,9.2
216,2016-12-19,000002,22.0,10000.0,[21.0],['2016-12-20'],0.0,315.0,21.0
217,2016-12-19,601801,15.74,10000.0,[16.7],['2016-12-21'],0.0,250.5,16.7
218,2016-12-21,000001,9.12,10000.0,[9.15],['2016-12-22'],0.0,137.25,9.15
219,2016-12-21,000002,20.2,10000.0,[20.3],['2016-12-22'],0.0,304.5,20.3
220,2016-12-21,600010,2.01,10000.0,[2.02],['2016-12-22'],0.0,30.3,2.02
221,2016-12-22,601801,16.75,10000.0,[16.38],['2016-12-23'],0.0,245.7,16.38
222,2016-12-23,000001,9.14,10000.0,[9.06],['2016-12-26'],0.0,135.9,9.06
223,2016-12-23,000002,20.47,10000.0,[20.21],['2016-12-26'],0.0,303.15000000000003,20.21
224,2016-12-23,600010,2.01,10000.0,[2.0],['2016-12-26'],0.0,30.0,2.0
225,2016-12-26,601801,16.39,10000.0,[17.14],['2016-12-27'],0.0,257.1,17.14
226,2016-12-27,000001,9.12,10000.0,[9.08],['2016-12-28'],0.0,136.2,9.08
227,2016-12-27,000002,20.65,10000.0,[21.24],['2016-12-28'],0.0,318.6,21.24
228,2016-12-27,600010,2.0,10000.0,[1.99],['2016-12-29'],0.0,29.85,1.99
229,2016-12-28,601801,17.35,10000.0,[17.48],['2016-12-29'],0.0,262.2,17.48
230,2016-12-29,000001,9.07,10000.0,[9.08],['2016-12-30'],0.0,136.2,9.08
231,2016-12-29,000002,21.29,10000.0,[20.88],['2016-12-30'],0.0,313.2,20.88
232,2016-12-30,600010,1.99,10000.0,[2.02],['2017-01-05'],0.0,30.3,2.02
233,2016-12-30,601801,17.37,10000.0,[17.19],['2017-01-04'],0.0,257.85,17.19
234,2017-01-03,000001,9.11,10000.0,[9.15],['2017-01-04'],0.0,137.25,9.15
235,2017-01-03,000002,20.55,10000.0,[20.74],['2017-01-04'],0.0,311.09999999999997,20.74
236,2017-01-05,000001,9.17,10000.0,[9.17],['2017-01-06'],0.0,137.55,9.17
237,2017-01-05,000002,20.85,10000.0,[20.94],['2017-01-06'],0.0,314.1,20.94
238,2017-01-05,601801,16.65,10000.0,[16.69],['2017-01-06'],0.0,250.35000000000002,16.69
239,2017-01-06,600010,2.03,10000.0,[2.04],['2017-01-09'],0.0,30.6,2.04
240,2017-01-09,000001,9.13,10000.0,[9.15],['2017-01-10'],0.0,137.25,9.15
241,2017-01-09,000002,20.6,10000.0,[20.67],['2017-01-10'],0.0,310.05000000000007,20.67
242,2017-01-09,601801,16.66,10000.0,[16.61],['2017-01-10'],0.0,249.15,16.61
243,2017-01-10,600010,2.04,10000.0,[2.04],['2017-01-11'],0.0,30.6,2.04
244,2017-01-11,000001,9.14,10000.0,[9.13],['2017-01-12'],0.0,136.95000000000002,9.13
245,2017-01-11,000002,20.52,10000.0,[21.0],['2017-01-13'],0.0,315.0,21.0
246,2017-01-11,601801,16.99,10000.0,[17.47],['2017-01-12'],0.0,262.05,17.47
247,2017-01-12,600010,2.04,10000.0,[2.03],['2017-01-13'],0.0,30.45,2.03
248,2017-01-13,000001,9.14,10000.0,[9.15],['2017-01-16'],0.0,137.25,9.15
249,2017-01-13,601801,17.74,10000.0,[18.08],['2017-01-16'],0.0,271.2,18.08
250,2017-01-16,000002,21.81,10000.0,[20.73],['2017-01-17'],0.0,310.95,20.73
251,2017-01-16,600010,2.03,10000.0,[2.04],['2017-01-17'],0.0,30.6,2.04
252,2017-01-17,000001,9.12,10000.0,[9.14],['2017-01-18'],0.0,137.10000000000002,9.14
253,2017-01-17,601801,18.17,10000.0,[18.01],['2017-01-18'],0.0,270.15000000000003,18.01
254,2017-01-18,000002,20.67,10000.0,[20.7],['2017-01-19'],0.0,310.5,20.7
255,2017-01-18,600010,2.05,10000.0,[2.06],['2017-01-19'],0.0,30.900000000000002,2.06
256,2017-01-19,000001,9.15,10000.0,[9.17],['2017-01-20'],0.0,137.55,9.17
257,2017-01-19,601801,17.6,10000.0,[18.1],['2017-01-20'],0.0,271.50000000000006,18.1
258,2017-01-20,000002,20.6,10000.0,[20.7],['2017-01-23'],0.0,310.5,20.7
259,2017-01-20,600010,2.04,10000.0,[2.06],['2017-01-23'],0.0,30.900000000000002,2.06
260,2017-01-23,000001,9.22,10000.0,[9.23],['2017-01-24'],0.0,138.45000000000002,9.23
261,2017-01-23,601801,18.06,10000.0,[18.57],['2017-01-24'],0.0,278.55,18.57
262,2017-01-24,000002,20.77,10000.0,[20.68],['2017-01-25'],0.0,310.2,20.68
263,2017-01-24,600010,2.06,10000.0,[2.07],['2017-01-25'],0.0,31.049999999999997,2.07
264,2017-01-25,000001,9.27,10000.0,[9.27],['2017-01-26'],0.0,139.04999999999998,9.27
265,2017-01-25,601801,18.77,10000.0,[18.63],['2017-01-26'],0.0,279.45,18.63
266,2017-01-26,000002,20.65,10000.0,[20.69],['2017-02-03'],0.0,310.35,20.69
267,2017-01-26,600010,2.08,10000.0,[2.09],['2017-02-03'],0.0,31.349999999999998,2.09
268,2017-02-03,000001,9.34,10000.0,[9.26],['2017-02-06'],0.0,138.9,9.26
269,2017-02-03,601801,18.26,10000.0,[18.81],['2017-02-06'],0.0,282.15,18.81
270,2017-02-06,000002,20.68,10000.0,[20.59],['2017-02-07'],0.0,308.84999999999997,20.59
271,2017-02-06,600010,2.08,10000.0,[2.08],['2017-02-07'],0.0,31.200000000000003,2.08
272,2017-02-07,000001,9.31,10000.0,[9.29],['2017-02-08'],0.0,139.35,9.29
273,2017-02-07,601801,18.74,10000.0,[18.86],['2017-02-09'],0.0,282.9,18.86
274,2017-02-08,000002,20.64,10000.0,[20.71],['2017-02-09'],0.0,310.65000000000003,20.71
275,2017-02-09,000001,9.3,10000.0,[9.32],['2017-02-10'],0.0,139.8,9.32
276,2017-02-09,600010,2.08,10000.0,[2.1],['2017-02-10'],0.0,31.5,2.1
277,2017-02-10,000002,20.78,10000.0,[20.65],['2017-02-13'],0.0,309.75,20.65
278,2017-02-10,601801,18.9,10000.0,[18.89],['2017-02-13'],0.0,283.35,18.89
279,2017-02-13,000001,9.34,10000.0,[9.41],['2017-02-14'],0.0,141.15,9.41
280,2017-02-13,600010,2.16,10000.0,[2.14],['2017-02-14'],0.0,32.1,2.14
281,2017-02-14,000002,20.77,10000.0,[20.9],['2017-02-15'],0.0,313.49999999999994,20.9
282,2017-02-15,000001,9.4,10000.0,[9.45],['2017-02-16'],0.0,141.74999999999997,9.45
283,2017-02-15,600010,2.16,10000.0,[2.14],['2017-02-16'],0.0,32.1,2.14
284,2017-02-15,601801,18.61,10000.0,[18.58],['2017-02-16'],0.0,278.7,18.58
285,2017-02-16,000002,20.67,10000.0,[20.68],['2017-02-17'],0.0,310.2,20.68
286,2017-02-17,000001,9.46,10000.0,[9.4],['2017-02-20'],0.0,141.0,9.4
287,2017-02-17,600010,2.21,10000.0,[2.22],['2017-02-21'],0.0,33.300000000000004,2.22
288,2017-02-17,601801,18.65,10000.0,[18.73],['2017-02-20'],0.0,280.95000000000005,18.73
289,2017-02-20,000002,20.55,10000.0,[20.72],['2017-02-21'],0.0,310.8,20.72
290,2017-02-21,000001,9.55,10000.0,[9.57],['2017-02-22'],0.0,143.55,9.57
291,2017-02-21,601801,18.96,10000.0,[19.17],['2017-02-22'],0.0,287.55,19.17
292,2017-02-22,000002,20.95,10000.0,[20.94],['2017-02-23'],0.0,314.1,20.94
293,2017-02-22,600010,2.22,10000.0,[2.25],['2017-02-23'],0.0,33.75,2.25
294,2017-02-23,000001,9.55,10000.0,[9.5],['2017-02-24'],0.0,142.5,9.5
295,2017-02-23,601801,18.85,10000.0,[19.05],['2017-02-24'],0.0,285.75000000000006,19.05
296,2017-02-24,000002,20.72,10000.0,[20.57],['2017-02-27'],0.0,308.55,20.57
297,2017-02-24,600010,2.23,10000.0,[2.24],['2017-02-27'],0.0,33.60000000000001,2.24
298,2017-02-27,000001,9.5,10000.0,[9.43],['2017-02-28'],0.0,141.45,9.43
299,2017-02-27,601801,19.1,10000.0,[19.18],['2017-02-28'],0.0,287.7,19.18
300,2017-02-28,000002,20.52,10000.0,[20.55],['2017-03-01'],0.0,308.25,20.55
301,2017-02-28,600010,2.23,10000.0,[2.22],['2017-03-01'],0.0,33.300000000000004,2.22
302,2017-03-01,000001,9.49,10000.0,[9.51],['2017-03-02'],0.0,142.65,9.51
303,2017-03-01,601801,19.02,10000.0,[19.1],['2017-03-02'],0.0,286.5,19.1
304,2017-03-02,000002,20.52,10000.0,[20.34],['2017-03-03'],0.0,305.09999999999997,20.34
305,2017-03-02,600010,2.22,10000.0,[2.2],['2017-03-03'],0.0,33.00000000000001,2.2
306,2017-03-03,000001,9.41,10000.0,[9.4],['2017-03-06'],0.0,141.0,9.4
307,2017-03-03,601801,19.02,10000.0,[19.14],['2017-03-06'],0.0,287.1,19.14
308,2017-03-06,000002,20.25,10000.0,[20.24],['2017-03-07'],0.0,303.59999999999997,20.24
309,2017-03-07,000001,9.44,10000.0,[9.43],['2017-03-08'],0.0,141.45,9.43
310,2017-03-07,600010,2.25,10000.0,[2.24],['2017-03-08'],0.0,33.60000000000001,2.24
311,2017-03-07,601801,19.09,10000.0,[18.92],['2017-03-08'],0.0,283.8,18.92
312,2017-03-08,000002,20.27,10000.0,[20.6],['2017-03-09'],0.0,309.00000000000006,20.6
313,2017-03-09,000001,9.41,10000.0,[9.38],['2017-03-10'],0.0,140.70000000000002,9.38
314,2017-03-09,600010,2.24,10000.0,[2.22],['2017-03-10'],0.0,33.300000000000004,2.22
315,2017-03-09,601801,18.57,10000.0,[18.47],['2017-03-10'],0.0,277.05,18.47
316,2017-03-10,000002,20.52,10000.0,[20.65],['2017-03-13'],0.0,309.75,20.65
317,2017-03-13,000001,9.39,10000.0,[9.43],['2017-03-14'],0.0,141.45,9.43
318,2017-03-13,600010,2.22,10000.0,[2.21],['2017-03-14'],0.0,33.15,2.21
319,2017-03-13,601801,18.52,10000.0,[18.23],['2017-03-14'],0.0,273.45,18.23
320,2017-03-14,000002,20.81,10000.0,[21.36],['2017-03-15'],0.0,320.4,21.36
321,2017-03-15,000001,9.42,10000.0,[9.48],['2017-03-16'],0.0,142.20000000000002,9.48
322,2017-03-15,600010,2.21,10000.0,[2.23],['2017-03-16'],0.0,33.449999999999996,2.23
323,2017-03-16,000002,21.41,10000.0,[22.0],['2017-03-17'],0.0,330.0,22.0
324,2017-03-16,601801,16.73,10000.0,[16.83],['2017-03-21'],0.0,252.44999999999996,16.83
325,2017-03-17,000001,9.45,10000.0,[9.29],['2017-03-20'],0.0,139.35,9.29
326,2017-03-17,600010,2.24,10000.0,[2.19],['2017-03-20'],0.0,32.85,2.19
327,2017-03-20,000002,21.49,10000.0,[21.01],['2017-03-21'],0.0,315.15000000000003,21.01
328,2017-03-21,000001,9.25,10000.0,[9.2],['2017-03-22'],0.0,138.0,9.2
329,2017-03-21,600010,2.17,10000.0,[2.14],['2017-03-22'],0.0,32.1,2.14
330,2017-03-22,000002,21.15,10000.0,[21.08],['2017-03-23'],0.0,316.19999999999993,21.08
331,2017-03-22,601801,17.05,10000.0,[17.09],['2017-03-23'],0.0,256.35,17.09
332,2017-03-23,000001,9.16,10000.0,[9.2],['2017-03-24'],0.0,138.0,9.2
333,2017-03-23,600010,2.14,10000.0,[2.16],['2017-03-24'],0.0,32.400000000000006,2.16
334,2017-03-24,000002,21.4,10000.0,[21.58],['2017-03-27'],0.0,323.69999999999993,21.58
335,2017-03-24,601801,17.14,10000.0,[17.14],['2017-03-27'],0.0,257.1,17.14
336,2017-03-27,000001,9.12,10000.0,[9.16],['2017-03-28'],0.0,137.4,9.16
337,2017-03-27,600010,2.19,10000.0,[2.18],['2017-03-28'],0.0,32.7,2.18
338,2017-03-28,000002,21.2,10000.0,[21.28],['2017-03-29'],0.0,319.20000000000005,21.28
339,2017-03-28,601801,16.89,10000.0,[16.94],['2017-03-29'],0.0,254.10000000000002,16.94
340,2017-03-29,000001,9.13,10000.0,[9.12],['2017-03-30'],0.0,136.79999999999998,9.12
341,2017-03-29,600010,2.19,10000.0,[2.19],['2017-03-30'],0.0,32.85,2.19
342,2017-03-30,000002,21.0,10000.0,[20.53],['2017-03-31'],0.0,307.95000000000005,20.53
343,2017-03-30,601801,16.8,10000.0,[16.78],['2017-03-31'],0.0,251.70000000000002,16.78
344,2017-03-31,000001,9.08,10000.0,[9.16],['2017-04-05'],0.0,137.4,9.16
345,2017-03-31,600010,2.15,10000.0,[2.2],['2017-04-06'],0.0,33.00000000000001,2.2
346,2017-04-05,000002,20.63,10000.0,[20.63],['2017-04-06'],0.0,309.45,20.63
347,2017-04-06,000001,9.2,10000.0,[9.19],['2017-04-07'],0.0,137.85,9.19
348,2017-04-06,601801,16.64,10000.0,[16.65],['2017-04-07'],0.0,249.74999999999997,16.65
349,2017-04-07,000002,20.79,10000.0,[20.72],['2017-04-10'],0.0,310.8,20.72
350,2017-04-07,600010,2.21,10000.0,[2.21],['2017-04-10'],0.0,33.15,2.21
351,2017-04-10,000001,9.2,10000.0,[9.17],['2017-04-11'],0.0,137.55,9.17
352,2017-04-10,601801,16.76,10000.0,[16.68],['2017-04-11'],0.0,250.20000000000002,16.68
353,2017-04-11,000002,20.6,10000.0,[20.7],['2017-04-12'],0.0,310.5,20.7
354,2017-04-11,600010,2.21,10000.0,[2.21],['2017-04-12'],0.0,33.15,2.21
355,2017-04-12,000001,9.16,10000.0,[9.11],['2017-04-13'],0.0,136.65,9.11
356,2017-04-13,000002,21.0,10000.0,[20.92],['2017-04-14'],0.0,313.80000000000007,20.92
357,2017-04-13,600010,2.26,10000.0,[2.25],['2017-04-14'],0.0,33.75,2.25
358,2017-04-14,000001,9.11,10000.0,[9.08],['2017-04-17'],0.0,136.2,9.08
359,2017-04-17,000002,20.64,10000.0,[20.56],['2017-04-18'],0.0,308.4,20.56
360,2017-04-17,600010,2.29,10000.0,[2.29],['2017-04-18'],0.0,34.35,2.29
361,2017-04-18,000001,9.09,10000.0,[9.03],['2017-04-19'],0.0,135.45,9.03
362,2017-04-19,000002,20.45,10000.0,[20.5],['2017-04-20'],0.0,307.5,20.5
363,2017-04-19,600010,2.22,10000.0,[2.18],['2017-04-20'],0.0,32.7,2.18
364,2017-04-20,000001,8.9,10000.0,[8.92],['2017-04-21'],0.0,133.79999999999998,8.92
365,2017-04-21,000002,20.64,10000.0,[20.68],['2017-04-24'],0.0,310.2,20.68
366,2017-04-21,600010,2.21,10000.0,[2.19],['2017-04-24'],0.0,32.85,2.19
367,2017-04-24,000001,8.97,10000.0,[8.93],['2017-04-25'],0.0,133.95000000000002,8.93
368,2017-04-25,000002,20.44,10000.0,[20.49],['2017-04-26'],0.0,307.34999999999997,20.49
369,2017-04-25,600010,2.15,10000.0,[2.16],['2017-04-26'],0.0,32.400000000000006,2.16
370,2017-04-26,000001,9.0,10000.0,[8.97],['2017-04-27'],0.0,134.55,8.97
371,2017-04-27,000002,20.32,10000.0,[19.38],['2017-04-28'],0.0,290.7,19.38
372,2017-04-27,600010,2.14,10000.0,[2.14],['2017-04-28'],0.0,32.1,2.14
373,2017-04-28,000001,8.96,10000.0,[8.96],['2017-05-02'],0.0,134.40000000000003,8.96
374,2017-05-02,000002,19.3,10000.0,[19.2],['2017-05-03'],0.0,288.0,19.2
375,2017-05-02,600010,2.15,10000.0,[2.14],['2017-05-03'],0.0,32.1,2.14
376,2017-05-02,601801,14.88,10000.0,[14.56],['2017-05-03'],0.0,218.4,14.56
377,2017-05-03,000001,8.92,10000.0,[8.89],['2017-05-04'],0.0,133.35000000000002,8.89
378,2017-05-04,000002,18.9,10000.0,[18.95],['2017-05-05'],0.0,284.25,18.95
379,2017-05-04,600010,2.08,10000.0,[2.09],['2017-05-05'],0.0,31.349999999999998,2.09
380,2017-05-04,601801,14.36,10000.0,[14.21],['2017-05-05'],0.0,213.15,14.21
381,2017-05-05,000001,8.74,10000.0,[8.6],['2017-05-08'],0.0,129.0,8.6
382,2017-05-08,000002,18.89,10000.0,[18.43],['2017-05-09'],0.0,276.45,18.43
383,2017-05-08,600010,2.08,10000.0,[2.09],['2017-05-09'],0.0,31.349999999999998,2.09
384,2017-05-08,601801,14.28,10000.0,[13.54],['2017-05-09'],0.0,203.1,13.54
385,2017-05-09,000001,8.56,10000.0,[8.63],['2017-05-10'],0.0,129.45000000000002,8.63
386,2017-05-10,000002,18.62,10000.0,[18.67],['2017-05-11'],0.0,280.05,18.67
387,2017-05-10,600010,2.09,10000.0,[2.06],['2017-05-11'],0.0,30.900000000000002,2.06
388,2017-05-10,601801,13.68,10000.0,[12.5],['2017-05-11'],0.0,187.5,12.5
389,2017-05-11,000001,8.65,10000.0,[8.68],['2017-05-12'],0.0,130.20000000000002,8.68
390,2017-05-12,000002,19.11,10000.0,[19.4],['2017-05-15'],0.0,291.0,19.4
391,2017-05-12,600010,2.07,10000.0,[2.08],['2017-05-15'],0.0,31.200000000000003,2.08
392,2017-05-15,000001,8.89,10000.0,[8.84],['2017-05-16'],0.0,132.6,8.84
393,2017-05-15,601801,12.35,10000.0,[12.23],['2017-05-16'],0.0,183.45,12.23
394,2017-05-16,000002,19.3,10000.0,[19.13],['2017-05-17'],0.0,286.95,19.13
395,2017-05-16,600010,2.08,10000.0,[2.09],['2017-05-17'],0.0,31.349999999999998,2.09
396,2017-05-17,000001,8.81,10000.0,[8.72],['2017-05-18'],0.0,130.8,8.72
397,2017-05-17,601801,12.58,10000.0,[12.63],['2017-05-18'],0.0,189.45,12.63
398,2017-05-18,000002,19.02,10000.0,[19.07],['2017-05-19'],0.0,286.05,19.07
399,2017-05-18,600010,2.09,10000.0,[2.09],['2017-05-19'],0.0,31.349999999999998,2.09
400,2017-05-19,000001,8.74,10000.0,[8.68],['2017-05-22'],0.0,130.20000000000002,8.68
401,2017-05-19,601801,13.04,10000.0,[12.99],['2017-05-22'],0.0,194.85000000000002,12.99
402,2017-05-22,000002,19.17,10000.0,[19.01],['2017-05-23'],0.0,285.15000000000003,19.01
403,2017-05-22,600010,2.1,10000.0,[2.09],['2017-05-23'],0.0,31.349999999999998,2.09
404,2017-05-23,000001,8.67,10000.0,[8.78],['2017-05-24'],0.0,131.7,8.78
405,2017-05-23,601801,12.49,10000.0,[12.59],['2017-05-25'],0.0,188.85,12.59
406,2017-05-24,000002,19.14,10000.0,[19.15],['2017-05-25'],0.0,287.24999999999994,19.15
407,2017-05-24,600010,2.11,10000.0,[2.11],['2017-05-25'],0.0,31.65,2.11
408,2017-05-25,000001,8.79,10000.0,[9.08],['2017-05-26'],0.0,136.2,9.08
409,2017-05-26,000002,20.3,10000.0,[21.49],['2017-05-31'],0.0,322.35,21.49
410,2017-05-26,600010,2.14,10000.0,[2.16],['2017-05-31'],0.0,32.400000000000006,2.16
411,2017-05-26,601801,12.96,10000.0,[13.09],['2017-05-31'],0.0,196.35,13.09
412,2017-05-31,000001,9.1,10000.0,[9.2],['2017-06-01'],0.0,138.0,9.2
413,2017-06-01,000002,21.1,10000.0,[21.08],['2017-06-02'],0.0,316.19999999999993,21.08
414,2017-06-01,600010,2.17,10000.0,[2.14],['2017-06-02'],0.0,32.1,2.14
415,2017-06-01,601801,13.27,10000.0,[13.09],['2017-06-02'],0.0,196.35,13.09
416,2017-06-02,000001,9.18,10000.0,[9.13],['2017-06-05'],0.0,136.95000000000002,9.13
417,2017-06-05,000002,20.75,10000.0,[21.05],['2017-06-06'],0.0,315.75,21.05
418,2017-06-05,600010,2.14,10000.0,[2.15],['2017-06-06'],0.0,32.25,2.15
419,2017-06-05,601801,12.98,10000.0,[12.77],['2017-06-06'],0.0,191.54999999999998,12.77
420,2017-06-06,000001,9.01,10000.0,[9.02],['2017-06-07'],0.0,135.3,9.02
421,2017-06-07,600010,2.17,10000.0,[2.19],['2017-06-08'],0.0,32.85,2.19
422,2017-06-07,601801,12.8,10000.0,[13.19],['2017-06-08'],0.0,197.85,13.19
423,2017-06-08,000001,9.11,10000.0,[9.15],['2017-06-09'],0.0,137.25,9.15
424,2017-06-09,600010,2.18,10000.0,[2.16],['2017-06-12'],0.0,32.400000000000006,2.16
425,2017-06-09,601801,13.12,10000.0,[13.0],['2017-06-12'],0.0,195.0,13.0
426,2017-06-12,000001,9.15,10000.0,[9.11],['2017-06-13'],0.0,136.65,9.11
427,2017-06-12,000002,21.48,10000.0,[21.91],['2017-06-13'],0.0,328.65,21.91
428,2017-06-13,600010,2.14,10000.0,[2.18],['2017-06-14'],0.0,32.7,2.18
429,2017-06-13,601801,12.62,10000.0,[13.0],['2017-06-14'],0.0,195.0,13.0
430,2017-06-14,000001,9.12,10000.0,[9.08],['2017-06-15'],0.0,136.2,9.08
431,2017-06-14,000002,21.9,10000.0,[21.26],['2017-06-15'],0.0,318.90000000000003,21.26
432,2017-06-15,600010,2.17,10000.0,[2.17],['2017-06-16'],0.0,32.550000000000004,2.17
433,2017-06-15,601801,12.74,10000.0,[12.87],['2017-06-16'],0.0,193.04999999999998,12.87
434,2017-06-16,000001,9.04,10000.0,[9.03],['2017-06-19'],0.0,135.45,9.03
435,2017-06-16,000002,21.05,10000.0,[20.94],['2017-06-19'],0.0,314.1,20.94
436,2017-06-19,600010,2.18,10000.0,[2.19],['2017-06-20'],0.0,32.85,2.19
437,2017-06-19,601801,12.72,10000.0,[13.28],['2017-06-21'],0.0,199.2,13.28
438,2017-06-20,000001,9.12,10000.0,[9.17],['2017-06-21'],0.0,137.55,9.17
439,2017-06-20,000002,20.94,10000.0,[21.35],['2017-06-21'],0.0,320.25000000000006,21.35
440,2017-06-21,600010,2.2,10000.0,[2.19],['2017-06-22'],0.0,32.85,2.19
441,2017-06-22,000001,9.15,10000.0,[9.23],['2017-06-23'],0.0,138.45000000000002,9.23
442,2017-06-22,000002,21.1,10000.0,[21.84],['2017-06-23'],0.0,327.59999999999997,21.84
443,2017-06-22,601801,13.2,10000.0,[13.28],['2017-06-23'],0.0,199.2,13.28
444,2017-06-23,600010,2.17,10000.0,[2.17],['2017-06-26'],0.0,32.550000000000004,2.17
445,2017-06-26,000001,9.26,10000.0,[9.3],['2017-06-27'],0.0,139.5,9.3
446,2017-06-26,000002,24.94,10000.0,[26.01],['2017-06-27'],0.0,390.15000000000003,26.01
447,2017-06-26,601801,13.22,10000.0,[13.74],['2017-06-27'],0.0,206.1,13.74
448,2017-06-27,600010,2.18,10000.0,[2.18],['2017-06-28'],0.0,32.7,2.18
449,2017-06-28,000001,9.35,10000.0,[9.43],['2017-06-29'],0.0,141.45,9.43
450,2017-06-28,000002,25.38,10000.0,[25.16],['2017-06-29'],0.0,377.40000000000003,25.16
451,2017-06-28,601801,13.73,10000.0,[13.94],['2017-06-29'],0.0,209.1,13.94
452,2017-06-29,600010,2.2,10000.0,[2.2],['2017-06-30'],0.0,33.00000000000001,2.2
453,2017-06-30,000001,9.4,10000.0,[9.4],['2017-07-03'],0.0,141.0,9.4
454,2017-06-30,000002,25.0,10000.0,[24.76],['2017-07-03'],0.0,371.4000000000001,24.76
455,2017-06-30,601801,13.89,10000.0,[13.82],['2017-07-03'],0.0,207.3,13.82
456,2017-07-03,600010,2.19,10000.0,[2.24],['2017-07-04'],0.0,33.60000000000001,2.24
457,2017-07-04,000001,9.4,10000.0,[9.29],['2017-07-05'],0.0,139.35,9.29
458,2017-07-04,000002,24.57,10000.0,[23.94],['2017-07-05'],0.0,359.1,23.94
459,2017-07-04,601801,13.98,10000.0,[13.75],['2017-07-05'],0.0,206.25,13.75
460,2017-07-05,600010,2.21,10000.0,[2.23],['2017-07-06'],0.0,33.449999999999996,2.23
461,2017-07-06,000001,9.36,10000.0,[9.37],['2017-07-07'],0.0,140.55,9.37
462,2017-07-06,000002,24.3,10000.0,[24.27],['2017-07-07'],0.0,364.05,24.27
463,2017-07-06,601801,13.8,10000.0,[13.52],['2017-07-07'],0.0,202.79999999999998,13.52
464,2017-07-07,600010,2.27,10000.0,[],[],10000.0,0.0,No Data
